[[{"__type__":"cc.SceneAsset","_name":"game","scene":{"__id__":1},"asyncLoadAssets":null},{"__type__":"cc.Scene","_name":"New Node","_children":[{"__id__":2}],"_anchorPoint":{"__type__":"cc.Vec2"},"_scale":{"__type__":"cc.Vec3","x":0.16041666666666668,"y":0.16041666666666668,"z":1},"autoReleaseAssets":false},{"__type__":"cc.Node","_name":"Canvas","_parent":{"__id__":1},"_children":[{"__id__":3},{"__id__":4},{"__id__":6},{"__id__":9},{"__id__":10},{"__id__":11},{"__id__":12},{"__id__":18}],"_components":[{"__type__":"cc.Canvas","node":{"__id__":2},"_designResolution":{"__type__":"cc.Size","width":640,"height":960},"_fitWidth":true}],"_contentSize":{"__type__":"cc.Size","width":640,"height":960},"_position":{"__type__":"cc.Vec3","x":320,"y":480},"_scale":{"__type__":"cc.Vec3","x":1,"y":1,"z":1},"_id":"88XiylCiFDFZUfPFG1rxhG"},{"__type__":"cc.Node","_name":"Main Camera","_parent":{"__id__":2},"_level":1,"_components":[{"__type__":"cc.Camera","node":{"__id__":3},"_clearFlags":7,"_depth":-1}],"_scale":{"__type__":"cc.Vec3","x":1,"y":1,"z":1}},{"__type__":"cc.Node","_name":"back_ground","_parent":{"__id__":2},"_children":[{"__id__":5}],"_scale":{"__type__":"cc.Vec3","x":1,"y":1,"z":1}},{"__type__":"cc.Node","_name":"bg","_parent":{"__id__":4},"_components":[{"__type__":"cc.Sprite","node":{"__id__":5},"_spriteFrame":{"__uuid__":"f0usRFOQ5Mrqn+2/V0JOcn"},"_sizeMode":0}],"_contentSize":{"__type__":"cc.Size","width":640,"height":960},"_scale":{"__type__":"cc.Vec3","x":1,"y":1,"z":1}},{"__type__":"cc.Node","_name":"frame_layout","_parent":{"__id__":2},"_children":[{"__id__":7}],"_components":[{"__type__":"cc.Widget","node":{"__id__":6},"alignMode":2,"_alignFlags":18},{"__id__":8}],"_scale":{"__type__":"cc.Vec3","x":1,"y":1,"z":1}},{"__type__":"cc.Node","_name":"square_frame","_parent":{"__id__":6},"_components":[{"__type__":"cc.Sprite","node":{"__id__":7},"_spriteFrame":{"__uuid__":"12TUwc4oVDgY05FBFZfjlK"},"_sizeMode":0},{"__type__":"cc.Widget","node":{"__id__":7},"alignMode":2,"_alignFlags":18,"_verticalCenter":-10}],"_contentSize":{"__type__":"cc.Size","width":600,"height":600},"_position":{"__type__":"cc.Vec3","y":-10},"_scale":{"__type__":"cc.Vec3","x":1,"y":1,"z":1}},{"__type__":"725feHcFZtKwqpGdIs0gCJG","node":{"__id__":6},"sideLength":70,"framePic":{"__uuid__":"43V3o4bSNJ0I/fFzkZ1Y7B"},"failPrefab":{"__uuid__":"95Y0JMv9BA3bU9Va7pZJwl"}},{"__type__":"cc.Node","_name":"get_square_1","_parent":{"__id__":2},"_components":[{"__type__":"cc.Widget","node":{"__id__":9},"_alignFlags":4,"_bottom":20},{"__type__":"a87c8hi7gJCY68LOGmf83ic","node":{"__id__":9},"checkerboard":{"__id__":8},"sideLength":70,"color1":{"__uuid__":"56KWq0GbRMDLd2Nk0ZuoH8"},"color2":{"__uuid__":"8eOG4PPWxNeYIm+WfhMIB0"},"color3":{"__uuid__":"6dmw9PAxFEbKmmeKhYhUJR"},"color4":{"__uuid__":"e2twlAF69OZ7/a3trhDpMD"},"color5":{"__uuid__":"92mYk5BvtB7ZMzCZ9NpHCg"},"color6":{"__uuid__":"b4SzpXaZxCTYuYi5jx5FpX"},"color7":{"__uuid__":"f81JoswO9Pbo/GyK0g9bMe"}}],"_contentSize":{"__type__":"cc.Size","width":160,"height":160},"_position":{"__type__":"cc.Vec3","x":-210,"y":-380},"_scale":{"__type__":"cc.Vec3","x":1,"y":1,"z":1}},{"__type__":"cc.Node","_name":"get_square_2","_parent":{"__id__":2},"_components":[{"__type__":"cc.Widget","node":{"__id__":10},"_alignFlags":4,"_bottom":20},{"__type__":"a87c8hi7gJCY68LOGmf83ic","node":{"__id__":10},"checkerboard":{"__id__":8},"sideLength":70,"color1":{"__uuid__":"56KWq0GbRMDLd2Nk0ZuoH8"},"color2":{"__uuid__":"8eOG4PPWxNeYIm+WfhMIB0"},"color3":{"__uuid__":"6dmw9PAxFEbKmmeKhYhUJR"},"color4":{"__uuid__":"e2twlAF69OZ7/a3trhDpMD"},"color5":{"__uuid__":"92mYk5BvtB7ZMzCZ9NpHCg"},"color6":{"__uuid__":"b4SzpXaZxCTYuYi5jx5FpX"},"color7":{"__uuid__":"f81JoswO9Pbo/GyK0g9bMe"}}],"_contentSize":{"__type__":"cc.Size","width":160,"height":160},"_position":{"__type__":"cc.Vec3","y":-380},"_scale":{"__type__":"cc.Vec3","x":1,"y":1,"z":1}},{"__type__":"cc.Node","_name":"get_square_3","_parent":{"__id__":2},"_components":[{"__type__":"cc.Widget","node":{"__id__":11},"_alignFlags":4,"_bottom":20},{"__type__":"a87c8hi7gJCY68LOGmf83ic","node":{"__id__":11},"checkerboard":{"__id__":8},"sideLength":70,"color1":{"__uuid__":"56KWq0GbRMDLd2Nk0ZuoH8"},"color2":{"__uuid__":"8eOG4PPWxNeYIm+WfhMIB0"},"color3":{"__uuid__":"6dmw9PAxFEbKmmeKhYhUJR"},"color4":{"__uuid__":"e2twlAF69OZ7/a3trhDpMD"},"color5":{"__uuid__":"92mYk5BvtB7ZMzCZ9NpHCg"},"color6":{"__uuid__":"b4SzpXaZxCTYuYi5jx5FpX"},"color7":{"__uuid__":"f81JoswO9Pbo/GyK0g9bMe"}}],"_contentSize":{"__type__":"cc.Size","width":160,"height":160},"_position":{"__type__":"cc.Vec3","x":210,"y":-380},"_scale":{"__type__":"cc.Vec3","x":1,"y":1,"z":1}},{"__type__":"cc.Node","_name":"scores","_parent":{"__id__":2},"_children":[{"__id__":13},{"__id__":15}],"_level":1,"_scale":{"__type__":"cc.Vec3","x":1,"y":1,"z":1}},{"__type__":"cc.Node","_name":"score","_parent":{"__id__":12},"_children":[{"__id__":14}],"_level":2,"_components":[{"__type__":"cc.Sprite","node":{"__id__":13},"_spriteFrame":{"__uuid__":"b9Kf2tAwJOTac2P2xnOZnQ"},"_sizeMode":0}],"_contentSize":{"__type__":"cc.Size","width":180,"height":100},"_position":{"__type__":"cc.Vec3","x":60,"y":380},"_scale":{"__type__":"cc.Vec3","x":1,"y":1,"z":1}},{"__type__":"cc.Node","_name":"scoreLabel","_parent":{"__id__":13},"_level":2,"_components":[{"__type__":"cc.Label","node":{"__id__":14},"_srcBlendFactor":1,"_string":"0","_N$string":"0","_fontSize":60,"_lineHeight":60,"_N$horizontalAlign":1,"_N$verticalAlign":1}],"_contentSize":{"__type__":"cc.Size","width":33.37,"height":60},"_scale":{"__type__":"cc.Vec3","x":1,"y":1,"z":1}},{"__type__":"cc.Node","_name":"highScore","_parent":{"__id__":12},"_children":[{"__id__":16},{"__id__":17}],"_level":2,"_components":[{"__type__":"cc.Sprite","node":{"__id__":15},"_spriteFrame":{"__uuid__":"39v8Po6R1PlIGKkR2wTjSk"},"_sizeMode":0}],"_contentSize":{"__type__":"cc.Size","width":260,"height":100},"_position":{"__type__":"cc.Vec3","x":-170,"y":380},"_scale":{"__type__":"cc.Vec3","x":1,"y":1,"z":1}},{"__type__":"cc.Node","_name":"scoreLabel","_parent":{"__id__":15},"_level":2,"_components":[{"__type__":"cc.Label","node":{"__id__":16},"_srcBlendFactor":1,"_string":"0","_N$string":"0","_fontSize":60,"_lineHeight":60,"_N$horizontalAlign":1,"_N$verticalAlign":1}],"_contentSize":{"__type__":"cc.Size","width":33.37,"height":60},"_position":{"__type__":"cc.Vec3","x":40},"_scale":{"__type__":"cc.Vec3","x":1,"y":1,"z":1}},{"__type__":"cc.Node","_name":"cup","_parent":{"__id__":15},"_level":2,"_components":[{"__type__":"cc.Sprite","node":{"__id__":17},"_spriteFrame":{"__uuid__":"4bORs8QwxICYAo2iI4tOMI"},"_sizeMode":0}],"_contentSize":{"__type__":"cc.Size","width":80,"height":65},"_position":{"__type__":"cc.Vec3","x":-86},"_scale":{"__type__":"cc.Vec3","x":1,"y":1,"z":1}},{"__type__":"cc.Node","_name":"pause","_parent":{"__id__":2},"_level":1,"_components":[{"__type__":"cc.Sprite","node":{"__id__":18},"_spriteFrame":{"__uuid__":"bcZ3II3dVLuoIPaa9Yc4mp"},"_type":1,"_sizeMode":0},{"__type__":"cc.Button","node":{"__id__":18},"transition":2,"pressedColor":{"__type__":"cc.Color","r":255,"g":255,"b":255},"clickEvents":[{"__type__":"cc.ClickEvent","target":{"__id__":18},"component":"pausebtn","handler":"onClick"}],"_N$normalColor":{"__type__":"cc.Color","r":255,"g":255,"b":255},"_N$disabledColor":{"__type__":"cc.Color","r":255,"g":255,"b":255},"_N$normalSprite":{"__uuid__":"bcZ3II3dVLuoIPaa9Yc4mp"},"_N$target":{"__id__":18}},{"__type__":"8af4cNhPF1EcJQwYpbfO0Y3","node":{"__id__":18},"topprefab":{"__uuid__":"dbG4MG8IpOsqpZu6UtXRzF"}}],"_contentSize":{"__type__":"cc.Size","width":100,"height":100},"_position":{"__type__":"cc.Vec3","x":235,"y":380},"_scale":{"__type__":"cc.Vec3","x":1,"y":1,"z":1}}],{"__type__":"cc.SpriteFrame","content":{"name":"矩形12","texture":"d2ZwwB/jRPGqC9XmsPfMle","rect":[12,10,585,521],"offset":[0.5,0.5],"originalSize":[608,542]}},{"__type__":"cc.SpriteFrame","content":{"name":"_0023_框","texture":"baN4qWhRpLu5y6gamrLiPb","rect":[0,0,720,728],"offset":[0,0],"originalSize":[720,728]}},{"__type__":"cc.SpriteFrame","content":{"name":"_0013_最高分","texture":"39r29mRblHA5cFbdGkfYfe","rect":[1,0,286,91],"offset":[0.5,0],"originalSize":[287,91]}},{"__type__":"cc.SpriteFrame","content":{"name":"1811","texture":"30vARQlEVGWo50278RKXk5","rect":[0,0,557,217],"offset":[0,0],"originalSize":[557,217]}},{"__type__":"cc.SpriteFrame","content":{"name":"_0022_石块","texture":"43HSSRgiNK+pNIz9umTqf2","rect":[0,0,80,80],"offset":[0,0],"originalSize":[80,80]}},{"__type__":"cc.SpriteFrame","content":{"name":"_0009_奖杯 ","texture":"15nMFs2UVMdqZ56THoluc9","rect":[0,0,102,79],"offset":[0,0],"originalSize":[102,79]}},{"__type__":"cc.SpriteFrame","content":{"name":"_0020_砖块1","texture":"224uqCWmdGXKxvvcJ2ER5n","rect":[0,0,80,80],"offset":[0,0],"originalSize":[80,80]}},{"__type__":"cc.SpriteFrame","content":{"name":"_0018_砖块3","texture":"adkPlKbklM15JH+J8+OVBN","rect":[0,0,80,80],"offset":[0,0],"originalSize":[80,80]}},{"__type__":"cc.SpriteFrame","content":{"name":"_0007_排名","texture":"3cPuOwOg9HUbxWcUsxnGAU","rect":[0,0,162,134],"offset":[0,0],"originalSize":[162,134]}},{"__type__":"cc.SpriteFrame","content":{"name":"_0019_砖块2","texture":"0b6PMuX65PY6V1PFu4oMI1","rect":[0,0,80,80],"offset":[0,0],"originalSize":[80,80]}},{"__type__":"cc.SpriteFrame","content":{"name":"_0016_砖块5","texture":"48Sr/8gqZGF7MChIWUc/sY","rect":[0,0,80,80],"offset":[0,0],"originalSize":[80,80]}},{"__type__":"cc.SpriteFrame","content":{"name":"_0025_排行榜 ","texture":"a7Z021KiBFG4HHbD9eO/jw","rect":[0,0,119,92],"offset":[-1.5,0],"originalSize":[122,92]}},[{"__type__":"cc.Prefab","_name":"fail","data":{"__id__":1}},{"__type__":"cc.Node","_name":"fail","_children":[{"__type__":"cc.Node","_name":"bbg","_parent":{"__id__":1},"_level":2,"_prefab":{"__type__":"cc.PrefabInfo","root":{"__id__":1},"asset":{"__uuid__":"95Y0JMv9BA3bU9Va7pZJwl"},"fileId":"faOs65QytPbq/9MneLBNUC"},"_opacity":177,"_color":{"__type__":"cc.Color"},"_contentSize":{"__type__":"cc.Size","width":2000,"height":2000},"_scale":{"__type__":"cc.Vec3","x":1,"y":1,"z":1}},{"__id__":2},{"__id__":3},{"__id__":4},{"__id__":5},{"__id__":6}],"_level":1,"_prefab":{"__type__":"cc.PrefabInfo","root":{"__id__":1},"asset":{"__uuid__":"95Y0JMv9BA3bU9Va7pZJwl"},"fileId":"99U/BZE2FC57941txOxoAz"},"_scale":{"__type__":"cc.Vec3","x":1,"y":1,"z":1}},{"__type__":"cc.Node","_name":"bg","_parent":{"__id__":1},"_level":2,"_components":[{"__type__":"cc.Sprite","node":{"__id__":2},"_spriteFrame":{"__uuid__":"08s7B8ofNMrIzsW0PgPvYh"},"_sizeMode":0}],"_prefab":{"__type__":"cc.PrefabInfo","root":{"__id__":1},"asset":{"__uuid__":"95Y0JMv9BA3bU9Va7pZJwl"},"fileId":"c6tzCIVDpN6YM+lUBX9pOz"},"_contentSize":{"__type__":"cc.Size","width":400,"height":400},"_scale":{"__type__":"cc.Vec3","x":1,"y":1,"z":1}},{"__type__":"cc.Node","_name":"restart","_parent":{"__id__":1},"_level":2,"_components":[{"__type__":"cc.Button","node":{"__id__":3},"clickEvents":[{"__type__":"cc.ClickEvent","target":{"__id__":3},"component":"restartbtn","handler":"onClick"}],"_N$target":{"__id__":3}},{"__type__":"cc.Sprite","node":{"__id__":3},"_spriteFrame":{"__uuid__":"ebWQmcgVBDapLnV9eGNyA9"},"_sizeMode":0},{"__type__":"8af55DNK5JPzrdbFkFQg2KG","node":{"__id__":3}}],"_prefab":{"__type__":"cc.PrefabInfo","root":{"__id__":1},"asset":{"__uuid__":"95Y0JMv9BA3bU9Va7pZJwl"},"fileId":"fbB3KCGUtM36a5T/uL9y7i"},"_contentSize":{"__type__":"cc.Size","width":120,"height":100},"_position":{"__type__":"cc.Vec3","y":-90},"_scale":{"__type__":"cc.Vec3","x":1,"y":1,"z":1}},{"__type__":"cc.Node","_name":"faillabel","_parent":{"__id__":1},"_level":2,"_components":[{"__type__":"cc.Label","node":{"__id__":4},"_srcBlendFactor":1,"_string":"已经放不下了\n呢，再来一局吧~","_N$string":"已经放不下了\n呢，再来一局吧~"}],"_prefab":{"__type__":"cc.PrefabInfo","root":{"__id__":1},"asset":{"__uuid__":"95Y0JMv9BA3bU9Va7pZJwl"},"fileId":"d6yoUeDfxOdIVSO0AHh5SD"},"_contentSize":{"__type__":"cc.Size","width":303.36,"height":80},"_position":{"__type__":"cc.Vec3","y":90},"_scale":{"__type__":"cc.Vec3","x":1,"y":1,"z":1}},{"__type__":"cc.Node","_name":"rank","_parent":{"__id__":1},"_level":2,"_components":[{"__type__":"cc.Sprite","node":{"__id__":5},"_spriteFrame":{"__uuid__":"6fytcElU5J+7VH1ZzQXc+3"},"_sizeMode":0},{"__type__":"cc.Button","node":{"__id__":5},"clickEvents":[{"__type__":"cc.ClickEvent","target":{"__id__":5},"component":"rankbtn","handler":"onClick"}],"_N$target":{"__id__":5}},{"__type__":"7171fhxAYJEj4CoSDX/WJSu","node":{"__id__":5},"rankPrefab":{"__uuid__":"efwkT1c3pH86tRvPjL4uND"}}],"_prefab":{"__type__":"cc.PrefabInfo","root":{"__id__":1},"asset":{"__uuid__":"95Y0JMv9BA3bU9Va7pZJwl"},"fileId":"8488lUhDdD+YacTak/34Zd"},"_contentSize":{"__type__":"cc.Size","width":130,"height":100},"_position":{"__type__":"cc.Vec3","x":-125,"y":-90},"_scale":{"__type__":"cc.Vec3","x":1,"y":1,"z":1}},{"__type__":"cc.Node","_name":"share","_parent":{"__id__":1},"_level":2,"_components":[{"__type__":"cc.Sprite","node":{"__id__":6},"_spriteFrame":{"__uuid__":"d5E3nNL6VIxpfAXZWGHQ2T"},"_sizeMode":0},{"__type__":"3be5229QFRKwZMB1ElJ+1se","node":{"__id__":6}},{"__type__":"cc.Button","node":{"__id__":6},"clickEvents":[{"__type__":"cc.ClickEvent","target":{"__id__":6},"component":"sharebtn","handler":"onClick"}],"_N$target":{"__id__":6}}],"_prefab":{"__type__":"cc.PrefabInfo","root":{"__id__":1},"asset":{"__uuid__":"95Y0JMv9BA3bU9Va7pZJwl"},"fileId":"52zaxCAx5MYZwDMSVpoi4n"},"_contentSize":{"__type__":"cc.Size","width":125,"height":100},"_position":{"__type__":"cc.Vec3","x":125,"y":-90},"_scale":{"__type__":"cc.Vec3","x":1,"y":1,"z":1}}],{"__type__":"cc.SpriteFrame","content":{"name":"RankBG_Down","texture":"8f0orVtvBOWreDZoZzZzjl","rect":[0,0,583,146],"offset":[0,0],"originalSize":[583,146]}},{"__type__":"cc.SpriteFrame","content":{"name":"_0015_砖块6","texture":"fefzoNRkJFPoaqlNEBEneY","rect":[0,0,80,80],"offset":[0,0],"originalSize":[80,80]}},{"__type__":"cc.SpriteFrame","content":{"name":"_0011_得分","texture":"7bIIpRjpBBuKXbmEFJjc0H","rect":[0,0,218,87],"offset":[0,0],"originalSize":[218,87]}},{"__type__":"cc.SpriteFrame","content":{"name":"_0026_暂停","texture":"d7PsKrOndPBpwN60yf+QO3","rect":[0,0,120,96],"offset":[-1,0.5],"originalSize":[122,97]}},{"__type__":"cc.SpriteFrame","content":{"name":"好友","texture":"39eQ236YlJuLG96OF5Nq/A","rect":[0,0,232,72],"offset":[0,0],"originalSize":[232,72]}},{"__type__":"cc.SpriteFrame","content":{"name":"_0005_分享","texture":"dbC02ZpzJDJLKCPMVf5i89","rect":[1,3,155,131],"offset":[-2.5,-1.5],"originalSize":[162,134]}},{"__type__":"cc.SpriteFrame","content":{"name":"_0002_图层-7","texture":"b4tMm5LPJBXIG6ii1oruIz","rect":[1,0,585,649],"offset":[0.5,0],"originalSize":[586,649]}},[{"__type__":"cc.Prefab","_name":"top","data":{"__id__":1}},{"__type__":"cc.Node","_name":"top","_children":[{"__id__":2},{"__id__":3}],"_level":1,"_prefab":{"__type__":"cc.PrefabInfo","root":{"__id__":1},"asset":{"__uuid__":"dbG4MG8IpOsqpZu6UtXRzF"},"fileId":"8aANVH8LlC3b2jCJdy8zF+"},"_position":{"__type__":"cc.Vec3","x":-120},"_scale":{"__type__":"cc.Vec3","x":1,"y":1,"z":1}},{"__type__":"cc.Node","_name":"restart","_parent":{"__id__":1},"_level":2,"_components":[{"__type__":"cc.Button","node":{"__id__":2},"clickEvents":[{"__type__":"cc.ClickEvent","target":{"__id__":2},"component":"restartbtn","handler":"onClick"}],"_N$target":{"__id__":2}},{"__type__":"cc.Sprite","node":{"__id__":2},"_spriteFrame":{"__uuid__":"ebWQmcgVBDapLnV9eGNyA9"},"_sizeMode":0},{"__type__":"8af55DNK5JPzrdbFkFQg2KG","node":{"__id__":2}}],"_prefab":{"__type__":"cc.PrefabInfo","root":{"__id__":1},"asset":{"__uuid__":"dbG4MG8IpOsqpZu6UtXRzF"},"fileId":"44oCZqrn1OgrHjEiG5LlF5"},"_contentSize":{"__type__":"cc.Size","width":100,"height":90},"_position":{"__type__":"cc.Vec3","x":240,"y":380},"_scale":{"__type__":"cc.Vec3","x":1,"y":1,"z":1}},{"__type__":"cc.Node","_name":"rank","_parent":{"__id__":1},"_level":2,"_components":[{"__type__":"cc.Sprite","node":{"__id__":3},"_spriteFrame":{"__uuid__":"94ibUOjflBH68fvr2mdpJ0"},"_sizeMode":0},{"__type__":"cc.Button","node":{"__id__":3},"clickEvents":[{"__type__":"cc.ClickEvent","target":{"__id__":3},"component":"rankbtn","handler":"onClick"}],"_N$target":{"__id__":3}},{"__type__":"7171fhxAYJEj4CoSDX/WJSu","node":{"__id__":3},"rankPrefab":{"__uuid__":"efwkT1c3pH86tRvPjL4uND"}}],"_prefab":{"__type__":"cc.PrefabInfo","root":{"__id__":1},"asset":{"__uuid__":"dbG4MG8IpOsqpZu6UtXRzF"},"fileId":"adJX+douNJM6RSPa1JJVVM"},"_contentSize":{"__type__":"cc.Size","width":120,"height":90},"_position":{"__type__":"cc.Vec3","x":120,"y":380},"_scale":{"__type__":"cc.Vec3","x":1,"y":1,"z":1}}],{"__type__":"cc.SpriteFrame","content":{"name":"_0017_砖块4","texture":"8aHbh4OTRNBqq/fdR0oMAi","rect":[0,0,80,80],"offset":[0,0],"originalSize":[80,80]}},{"__type__":"cc.SpriteFrame","content":{"name":"_0025_重新开局","texture":"d9/d6Qo29EaKsmNqkLI57i","rect":[0,0,119,92],"offset":[-1.5,0],"originalSize":[122,92]}},[{"__type__":"cc.Prefab","_name":"rank","data":{"__id__":1}},{"__type__":"cc.Node","_name":"rank","_children":[{"__id__":2},{"__id__":4},{"__id__":5},{"__id__":9},{"__id__":13},{"__id__":17},{"__id__":21},{"__id__":25}],"_level":1,"_components":[{"__type__":"cc.Sprite","node":{"__id__":1},"_spriteFrame":{"__uuid__":"d6jcrZn+5KZbPn9pGhR+7a"}},{"__type__":"4b955qwxjhDtLc8MEKgbS7S","node":{"__id__":1}}],"_prefab":{"__type__":"cc.PrefabInfo","root":{"__id__":1},"asset":{"__uuid__":"efwkT1c3pH86tRvPjL4uND"},"fileId":"57y08UTzhH0awNpM1VC6g5"},"_contentSize":{"__type__":"cc.Size","width":585,"height":649},"_scale":{"__type__":"cc.Vec3","x":1,"y":1,"z":1}},{"__type__":"cc.Node","_name":"close","_parent":{"__id__":1},"_children":[{"__id__":3}],"_level":2,"_components":[{"__type__":"cc.Sprite","node":{"__id__":2},"_spriteFrame":{"__uuid__":"3dcazz1PBOuItUX9NF/3Uh"},"_sizeMode":0},{"__type__":"cc.Button","node":{"__id__":2},"clickEvents":[{"__type__":"cc.ClickEvent","target":{"__id__":2},"component":"closebtn","handler":"onClick"}],"_N$target":{"__id__":2}},{"__type__":"3f800jFzNZCorKoTLv2aj7d","node":{"__id__":2}}],"_prefab":{"__type__":"cc.PrefabInfo","root":{"__id__":1},"asset":{"__uuid__":"efwkT1c3pH86tRvPjL4uND"},"fileId":"c4Tou+rlNFIYxTJlwhRbeN"},"_contentSize":{"__type__":"cc.Size","width":300,"height":150},"_position":{"__type__":"cc.Vec3","x":-90,"y":-270},"_scale":{"__type__":"cc.Vec3","x":1,"y":1,"z":1}},{"__type__":"cc.Node","_name":"label","_parent":{"__id__":2},"_level":3,"_components":[{"__type__":"cc.Label","node":{"__id__":3},"_srcBlendFactor":1,"_string":"关闭","_N$string":"关闭","_fontSize":60,"_lineHeight":60,"_N$horizontalAlign":1,"_N$verticalAlign":1}],"_prefab":{"__type__":"cc.PrefabInfo","root":{"__id__":1},"asset":{"__uuid__":"efwkT1c3pH86tRvPjL4uND"},"fileId":"2esR8drXZEj4h+N+tFCu92"},"_contentSize":{"__type__":"cc.Size","width":120,"height":60},"_position":{"__type__":"cc.Vec3","y":20},"_scale":{"__type__":"cc.Vec3","x":1,"y":1,"z":1}},{"__type__":"cc.Node","_name":"friend","_parent":{"__id__":1},"_level":2,"_components":[{"__type__":"cc.Sprite","node":{"__id__":4},"_spriteFrame":{"__uuid__":"caG0JwbKlHcq8Tk9axeJXk"}}],"_prefab":{"__type__":"cc.PrefabInfo","root":{"__id__":1},"asset":{"__uuid__":"efwkT1c3pH86tRvPjL4uND"},"fileId":"40r1vRXQtCtYM8WQk9k5AR"},"_contentSize":{"__type__":"cc.Size","width":232,"height":72},"_position":{"__type__":"cc.Vec3","y":270},"_scale":{"__type__":"cc.Vec3","x":1,"y":1,"z":1}},{"__type__":"cc.Node","_name":"RankBG_1","_parent":{"__id__":1},"_children":[{"__id__":6},{"__id__":7},{"__id__":8}],"_level":2,"_components":[{"__type__":"cc.Sprite","node":{"__id__":5},"_spriteFrame":{"__uuid__":"abutRJgI5BS7FV9AVjBigZ"},"_sizeMode":0}],"_prefab":{"__type__":"cc.PrefabInfo","root":{"__id__":1},"asset":{"__uuid__":"efwkT1c3pH86tRvPjL4uND"},"fileId":"a7X/z4TMxEjo5orRYNaWOV"},"_contentSize":{"__type__":"cc.Size","width":540,"height":80},"_position":{"__type__":"cc.Vec3","y":190},"_scale":{"__type__":"cc.Vec3","x":1,"y":1,"z":1}},{"__type__":"cc.Node","_name":"rankLabel","_parent":{"__id__":5},"_level":3,"_components":[{"__type__":"cc.Label","node":{"__id__":6},"_srcBlendFactor":1,"_N$horizontalAlign":1,"_N$verticalAlign":1}],"_prefab":{"__type__":"cc.PrefabInfo","root":{"__id__":1},"asset":{"__uuid__":"efwkT1c3pH86tRvPjL4uND"},"fileId":"60WBw2a2VPpp8WUT+5wTQO"},"_contentSize":{"__type__":"cc.Size","height":40},"_position":{"__type__":"cc.Vec3","x":-220},"_scale":{"__type__":"cc.Vec3","x":1,"y":1,"z":1}},{"__type__":"cc.Node","_name":"nameLabel","_parent":{"__id__":5},"_level":3,"_components":[{"__type__":"cc.Label","node":{"__id__":7},"_srcBlendFactor":1,"_N$horizontalAlign":1,"_N$verticalAlign":1}],"_prefab":{"__type__":"cc.PrefabInfo","root":{"__id__":1},"asset":{"__uuid__":"efwkT1c3pH86tRvPjL4uND"},"fileId":"02HcIBDLFF970TCIlDN2Wl"},"_contentSize":{"__type__":"cc.Size","height":40},"_position":{"__type__":"cc.Vec3","x":-40},"_scale":{"__type__":"cc.Vec3","x":1,"y":1,"z":1}},{"__type__":"cc.Node","_name":"scoreLabel","_parent":{"__id__":5},"_level":3,"_components":[{"__type__":"cc.Label","node":{"__id__":8},"_srcBlendFactor":1,"_N$horizontalAlign":1,"_N$verticalAlign":1}],"_prefab":{"__type__":"cc.PrefabInfo","root":{"__id__":1},"asset":{"__uuid__":"efwkT1c3pH86tRvPjL4uND"},"fileId":"65GoOCEwFNtovqe9rseZCV"},"_contentSize":{"__type__":"cc.Size","height":40},"_position":{"__type__":"cc.Vec3","x":180},"_scale":{"__type__":"cc.Vec3","x":1,"y":1,"z":1}},{"__type__":"cc.Node","_name":"RankBG_2","_parent":{"__id__":1},"_children":[{"__id__":10},{"__id__":11},{"__id__":12}],"_level":2,"_components":[{"__type__":"cc.Sprite","node":{"__id__":9},"_spriteFrame":{"__uuid__":"abutRJgI5BS7FV9AVjBigZ"},"_sizeMode":0}],"_prefab":{"__type__":"cc.PrefabInfo","root":{"__id__":1},"asset":{"__uuid__":"efwkT1c3pH86tRvPjL4uND"},"fileId":"7cBKi6ZuRKf4AZrxMN+eog"},"_contentSize":{"__type__":"cc.Size","width":540,"height":80},"_position":{"__type__":"cc.Vec3","y":100},"_scale":{"__type__":"cc.Vec3","x":1,"y":1,"z":1}},{"__type__":"cc.Node","_name":"scoreLabel","_parent":{"__id__":9},"_level":3,"_components":[{"__type__":"cc.Label","node":{"__id__":10},"_srcBlendFactor":1,"_N$horizontalAlign":1,"_N$verticalAlign":1}],"_prefab":{"__type__":"cc.PrefabInfo","root":{"__id__":1},"asset":{"__uuid__":"efwkT1c3pH86tRvPjL4uND"},"fileId":"d9ohwCB5NL/o2xEuMg98v9"},"_contentSize":{"__type__":"cc.Size","height":40},"_position":{"__type__":"cc.Vec3","x":180},"_scale":{"__type__":"cc.Vec3","x":1,"y":1,"z":1}},{"__type__":"cc.Node","_name":"nameLabel","_parent":{"__id__":9},"_level":3,"_components":[{"__type__":"cc.Label","node":{"__id__":11},"_srcBlendFactor":1,"_N$horizontalAlign":1,"_N$verticalAlign":1}],"_prefab":{"__type__":"cc.PrefabInfo","root":{"__id__":1},"asset":{"__uuid__":"efwkT1c3pH86tRvPjL4uND"},"fileId":"8dvx9rA85Clo7nUCK79GmA"},"_contentSize":{"__type__":"cc.Size","height":40},"_position":{"__type__":"cc.Vec3","x":-40},"_scale":{"__type__":"cc.Vec3","x":1,"y":1,"z":1}},{"__type__":"cc.Node","_name":"rankLabel","_parent":{"__id__":9},"_level":3,"_components":[{"__type__":"cc.Label","node":{"__id__":12},"_srcBlendFactor":1,"_N$horizontalAlign":1,"_N$verticalAlign":1}],"_prefab":{"__type__":"cc.PrefabInfo","root":{"__id__":1},"asset":{"__uuid__":"efwkT1c3pH86tRvPjL4uND"},"fileId":"daQPmI+tlH07dOysYYC1e1"},"_contentSize":{"__type__":"cc.Size","height":40},"_position":{"__type__":"cc.Vec3","x":-220},"_scale":{"__type__":"cc.Vec3","x":1,"y":1,"z":1}},{"__type__":"cc.Node","_name":"RankBG_3","_parent":{"__id__":1},"_children":[{"__id__":14},{"__id__":15},{"__id__":16}],"_level":2,"_components":[{"__type__":"cc.Sprite","node":{"__id__":13},"_spriteFrame":{"__uuid__":"abutRJgI5BS7FV9AVjBigZ"},"_sizeMode":0}],"_prefab":{"__type__":"cc.PrefabInfo","root":{"__id__":1},"asset":{"__uuid__":"efwkT1c3pH86tRvPjL4uND"},"fileId":"2510UBK1NMr77DZFHFlIW2"},"_contentSize":{"__type__":"cc.Size","width":540,"height":80},"_position":{"__type__":"cc.Vec3","y":10},"_scale":{"__type__":"cc.Vec3","x":1,"y":1,"z":1}},{"__type__":"cc.Node","_name":"scoreLabel","_parent":{"__id__":13},"_level":3,"_components":[{"__type__":"cc.Label","node":{"__id__":14},"_srcBlendFactor":1,"_N$horizontalAlign":1,"_N$verticalAlign":1}],"_prefab":{"__type__":"cc.PrefabInfo","root":{"__id__":1},"asset":{"__uuid__":"efwkT1c3pH86tRvPjL4uND"},"fileId":"905WkxHvRNVrwnW18BDoYy"},"_contentSize":{"__type__":"cc.Size","height":40},"_position":{"__type__":"cc.Vec3","x":180},"_scale":{"__type__":"cc.Vec3","x":1,"y":1,"z":1}},{"__type__":"cc.Node","_name":"nameLabel","_parent":{"__id__":13},"_level":3,"_components":[{"__type__":"cc.Label","node":{"__id__":15},"_srcBlendFactor":1,"_N$horizontalAlign":1,"_N$verticalAlign":1}],"_prefab":{"__type__":"cc.PrefabInfo","root":{"__id__":1},"asset":{"__uuid__":"efwkT1c3pH86tRvPjL4uND"},"fileId":"b7SPJp89VCS57dErKD+kN2"},"_contentSize":{"__type__":"cc.Size","height":40},"_position":{"__type__":"cc.Vec3","x":-40},"_scale":{"__type__":"cc.Vec3","x":1,"y":1,"z":1}},{"__type__":"cc.Node","_name":"rankLabel","_parent":{"__id__":13},"_level":3,"_components":[{"__type__":"cc.Label","node":{"__id__":16},"_srcBlendFactor":1,"_N$horizontalAlign":1,"_N$verticalAlign":1}],"_prefab":{"__type__":"cc.PrefabInfo","root":{"__id__":1},"asset":{"__uuid__":"efwkT1c3pH86tRvPjL4uND"},"fileId":"14FebLHJ1LALdHYv2hIO3N"},"_contentSize":{"__type__":"cc.Size","height":40},"_position":{"__type__":"cc.Vec3","x":-220},"_scale":{"__type__":"cc.Vec3","x":1,"y":1,"z":1}},{"__type__":"cc.Node","_name":"RankBG_4","_parent":{"__id__":1},"_children":[{"__id__":18},{"__id__":19},{"__id__":20}],"_level":2,"_components":[{"__type__":"cc.Sprite","node":{"__id__":17},"_spriteFrame":{"__uuid__":"abutRJgI5BS7FV9AVjBigZ"},"_sizeMode":0}],"_prefab":{"__type__":"cc.PrefabInfo","root":{"__id__":1},"asset":{"__uuid__":"efwkT1c3pH86tRvPjL4uND"},"fileId":"dcTmOx0OtNiof9WdalQP0I"},"_contentSize":{"__type__":"cc.Size","width":540,"height":80},"_position":{"__type__":"cc.Vec3","y":-80},"_scale":{"__type__":"cc.Vec3","x":1,"y":1,"z":1}},{"__type__":"cc.Node","_name":"scoreLabel","_parent":{"__id__":17},"_level":3,"_components":[{"__type__":"cc.Label","node":{"__id__":18},"_srcBlendFactor":1,"_N$horizontalAlign":1,"_N$verticalAlign":1}],"_prefab":{"__type__":"cc.PrefabInfo","root":{"__id__":1},"asset":{"__uuid__":"efwkT1c3pH86tRvPjL4uND"},"fileId":"15JMuF5ldGrKzlZN3/m/mE"},"_contentSize":{"__type__":"cc.Size","height":40},"_position":{"__type__":"cc.Vec3","x":180},"_scale":{"__type__":"cc.Vec3","x":1,"y":1,"z":1}},{"__type__":"cc.Node","_name":"nameLabel","_parent":{"__id__":17},"_level":3,"_components":[{"__type__":"cc.Label","node":{"__id__":19},"_srcBlendFactor":1,"_N$horizontalAlign":1,"_N$verticalAlign":1}],"_prefab":{"__type__":"cc.PrefabInfo","root":{"__id__":1},"asset":{"__uuid__":"efwkT1c3pH86tRvPjL4uND"},"fileId":"15DdDT0FFIlraZdmQ/RoPt"},"_contentSize":{"__type__":"cc.Size","height":40},"_position":{"__type__":"cc.Vec3","x":-40},"_scale":{"__type__":"cc.Vec3","x":1,"y":1,"z":1}},{"__type__":"cc.Node","_name":"rankLabel","_parent":{"__id__":17},"_level":3,"_components":[{"__type__":"cc.Label","node":{"__id__":20},"_srcBlendFactor":1,"_N$horizontalAlign":1,"_N$verticalAlign":1}],"_prefab":{"__type__":"cc.PrefabInfo","root":{"__id__":1},"asset":{"__uuid__":"efwkT1c3pH86tRvPjL4uND"},"fileId":"29jLRLiCJM2rIfsSAHCy/P"},"_contentSize":{"__type__":"cc.Size","height":40},"_position":{"__type__":"cc.Vec3","x":-220},"_scale":{"__type__":"cc.Vec3","x":1,"y":1,"z":1}},{"__type__":"cc.Node","_name":"RankBG_5","_parent":{"__id__":1},"_children":[{"__id__":22},{"__id__":23},{"__id__":24}],"_level":2,"_components":[{"__type__":"cc.Sprite","node":{"__id__":21},"_spriteFrame":{"__uuid__":"abutRJgI5BS7FV9AVjBigZ"},"_sizeMode":0}],"_prefab":{"__type__":"cc.PrefabInfo","root":{"__id__":1},"asset":{"__uuid__":"efwkT1c3pH86tRvPjL4uND"},"fileId":"1btz67uPJL/ZI/i3XyZwDA"},"_contentSize":{"__type__":"cc.Size","width":540,"height":80},"_position":{"__type__":"cc.Vec3","y":-170},"_scale":{"__type__":"cc.Vec3","x":1,"y":1,"z":1}},{"__type__":"cc.Node","_name":"scoreLabel","_parent":{"__id__":21},"_level":3,"_components":[{"__type__":"cc.Label","node":{"__id__":22},"_srcBlendFactor":1,"_N$horizontalAlign":1,"_N$verticalAlign":1}],"_prefab":{"__type__":"cc.PrefabInfo","root":{"__id__":1},"asset":{"__uuid__":"efwkT1c3pH86tRvPjL4uND"},"fileId":"e9A2JOkWlHnKg7ycMHqt1x"},"_contentSize":{"__type__":"cc.Size","height":40},"_position":{"__type__":"cc.Vec3","x":180},"_scale":{"__type__":"cc.Vec3","x":1,"y":1,"z":1}},{"__type__":"cc.Node","_name":"nameLabel","_parent":{"__id__":21},"_level":3,"_components":[{"__type__":"cc.Label","node":{"__id__":23},"_srcBlendFactor":1,"_N$horizontalAlign":1,"_N$verticalAlign":1}],"_prefab":{"__type__":"cc.PrefabInfo","root":{"__id__":1},"asset":{"__uuid__":"efwkT1c3pH86tRvPjL4uND"},"fileId":"19w/wwKSNAbaMDv7Yvjtf0"},"_contentSize":{"__type__":"cc.Size","height":40},"_position":{"__type__":"cc.Vec3","x":-40},"_scale":{"__type__":"cc.Vec3","x":1,"y":1,"z":1}},{"__type__":"cc.Node","_name":"rankLabel","_parent":{"__id__":21},"_level":3,"_components":[{"__type__":"cc.Label","node":{"__id__":24},"_srcBlendFactor":1,"_N$horizontalAlign":1,"_N$verticalAlign":1}],"_prefab":{"__type__":"cc.PrefabInfo","root":{"__id__":1},"asset":{"__uuid__":"efwkT1c3pH86tRvPjL4uND"},"fileId":"a2KLKC1VRPKavd5TQTVXNY"},"_contentSize":{"__type__":"cc.Size","height":40},"_position":{"__type__":"cc.Vec3","x":-220},"_scale":{"__type__":"cc.Vec3","x":1,"y":1,"z":1}},{"__type__":"cc.Node","_name":"share","_parent":{"__id__":1},"_level":2,"_components":[{"__type__":"cc.Sprite","node":{"__id__":25},"_spriteFrame":{"__uuid__":"d5E3nNL6VIxpfAXZWGHQ2T"},"_sizeMode":0},{"__type__":"3be5229QFRKwZMB1ElJ+1se","node":{"__id__":25}},{"__type__":"cc.Button","node":{"__id__":25},"clickEvents":[{"__type__":"cc.ClickEvent","target":{"__id__":25},"component":"sharebtn","handler":"onClick"}],"_N$target":{"__id__":25}}],"_prefab":{"__type__":"cc.PrefabInfo","root":{"__id__":1},"asset":{"__uuid__":"efwkT1c3pH86tRvPjL4uND"},"fileId":"847xTBectJ5LeIuFi3BLxH"},"_contentSize":{"__type__":"cc.Size","width":125,"height":100},"_position":{"__type__":"cc.Vec3","x":180,"y":-260},"_scale":{"__type__":"cc.Vec3","x":1,"y":1,"z":1}}],{"__type__":"cc.SpriteFrame","content":{"name":"_0028_图层-41-拷贝","texture":"ebSlPPFfhJ24SQsRPpImw3","rect":[0,0,720,1280],"offset":[0,0],"originalSize":[720,1280]}},{"__type__":"cc.SpriteFrame","content":{"name":"_0014_砖块7","texture":"e4ttS2NhVH+ZvixxB4DMSs","rect":[0,0,80,80],"offset":[0,0],"originalSize":[80,80]}}]